cyclepoint,parcel_1,parcel_2,parcel_3,parcel_4,parcel_5,parcel_6,parcel_7,parcel_8,parcel_9,parcel_10,parcel_11,parcel_12,parcel_13,parcel_14,parcel_15,parcel_16,parcel_17,parcel_18,parcel_19,parcel_20,parcel_21,parcel_22,parcel_23,parcel_24,parcel_25,parcel_26,parcel_27,parcel_28,parcel_29,parcel_30,parcel_31,parcel_32,parcel_33,parcel_34,parcel_35,parcel_36,parcel_37,parcel_38,parcel_39,parcel_40,parcel_41,parcel_42,parcel_43,parcel_44,parcel_45,parcel_46,parcel_47,parcel_48,parcel_49,parcel_50,parcel_51,parcel_52,parcel_53,parcel_54,parcel_55,parcel_56,parcel_57,parcel_58,parcel_59,parcel_60,parcel_61,parcel_62,parcel_63,parcel_64,parcel_65,parcel_66,parcel_67,parcel_68,parcel_69,parcel_70,parcel_71,parcel_72,parcel_73,parcel_74,parcel_75,parcel_76,parcel_77,parcel_78,parcel_79,parcel_80,parcel_81,parcel_82,parcel_83,parcel_84,parcel_85,parcel_86,parcel_87,parcel_88,parcel_89,parcel_90,parcel_91,parcel_92,parcel_93,parcel_94,parcel_95,parcel_96,parcel_97,parcel_98,parcel_99,parcel_100
0.071428571,0.123957541,0.119899057,0.037158569,0.083761755,0.046884935,0.07156734,0.184562855,0.171521461,-0.294932553,0.018206101,0.134588288,-0.106938836,-0.291590816,-0.32857398,-0.327845956,0.096210591,-0.184416616,0.223877298,0.165410759,0.383000838,0.118352224,-0.509878754,-0.003440783,0.179050122,-0.299336521,-0.151398081,-0.25209413,-0.235080125,0.14845824,-0.11124167,-0.119359098,-0.204790106,0.01951463,0.500514095,-0.411642795,-0.318116386,-0.137286356,0.171526629,0.275440521,-0.069173876,0.328108438,-0.061429244,-0.005966037,-0.529937045,0.192828251,-0.103106418,0.170508623,0.027345983,-0.586504957,0.008523876,0.104889074,-0.025293575,0.084985215,-0.0317892,-0.335644993,-0.028879417,0.015583677,-0.576976157,0.080955365,0.080543396,0.087576991,-0.118985155,-0.522497218,-0.481132976,-0.040212932,-0.186201309,-0.019368504,-0.025485815,0.405310976,0.635538653,-0.091276471,-0.065646863,-0.121900878,0.067765664,0.169642579,-0.357697882,0.027954866,-0.294989364,-0.070238556,0.098657244,0.405560761,0.722365474,0.19351619,-0.032646804,-0.231421409,0.293907412,0.068717332,-0.234504831,0.027641637,0.750183926,0.264900999,0.389393572,0.471146458,-0.131774157,-0.057440743,-0.142784901,-0.071130664,0.005252804,-0.681143794,0.225166275
0.5,-0.308277979,0.46350405,-0.041702373,0.59769188,0.29937632,-0.28933394,-0.51112583,-0.339813274,-0.356361996,-0.080889843,0.288865025,0.447279706,-0.033367229,0.625886235,0.310799119,-0.023319119,-0.135043909,-0.168398053,0.038096512,-0.181110565,-0.152900809,-0.411490751,0.074782265,0.203048386,0.253067938,0.179871988,-0.127089841,0.116599637,-0.321019869,0.307967206,0.176355122,0.108448795,-0.188070351,-0.171493088,-0.166977772,0.008363641,0.062567102,0.146516105,-0.145450624,-0.305919009,-0.187229594,-0.186295326,-0.047377542,-0.049474543,0.041377178,-0.049444961,0.060170799,-0.160973072,-0.276556584,0.005291326,-0.350538261,-0.258293316,-0.005295741,0.389072586,0.001604169,-0.188299818,-0.519741153,-0.540816793,0.184181491,-0.032953889,-0.309136115,-0.725942952,-0.390083515,0.082686637,0.01728569,0.016294466,-0.314020592,0.048132072,0.08457207,-0.069119159,-0.303158613,-0.005181857,0.047692519,0.034772399,0.080084798,0.05534828,-0.222584989,0.128229098,0.09729229,-0.005989063,-0.186932214,0.314046134,0.163030762,0.089448711,0.070155844,-0.036628923,-0.190600357,0.185222654,0.084562384,-0.203512005,-0.236671723,0.056136712,0.093117522,-0.149238962,-0.386772935,-0.006571902,-0.00788382,-0.087713128,-0.021646335,-0.198640855
0.5,-0.442546829,0.277547426,-0.232789402,0.012463188,0.176785167,-0.202278043,-0.105676603,-0.764114738,-0.516378493,-0.648253604,-0.610682513,-0.614799306,-0.506355236,0.164063655,-0.308989296,-0.073836692,0.229794621,-0.06527571,0.63922651,0.400038372,0.384511718,0.31646077,0.507573843,-0.264140243,-0.406907711,0.029534461,0.25125007,0.109033384,0.046736208,0.416348976,-0.092361676,-0.219029489,-0.023668368,0.272488262,0.246836154,-0.281915419,-0.07585239,-0.366216282,-0.067329576,-0.444702408,-0.141068701,0.082734086,-0.08453608,-0.093247554,-0.196991884,-0.143050229,-0.077687293,-0.077309755,-0.397469159,-0.008923328,-0.148152805,-0.068132005,0.036330996,-0.071118175,-0.015581273,-0.344740432,-0.587216588,-0.356215105,-0.70942562,-0.132857105,-0.522185923,-0.362868971,0.580899927,1.310211561,1.135865811,-0.048662518,-0.306653995,1.084044403,0.26898275,-0.007872511,0.703876695,0.060755238,0.135254378,-0.763723218,0.129298872,0.028888881,-0.004609626,0.157059445,-0.088114435,-0.203312722,-0.823214982,-0.604252443,-0.502516414,-0.307337521,-0.418302567,-0.34584236,-0.216924946,0.114490853,0.238912327,-0.711066389,-0.395891351,-0.450595641,-0.69745305,-0.138968647,-0.265299391,-0.469072512,-0.188652253,-0.472809369,-0.429542469,0.185925851
0.909090909,0.251049294,-0.646884161,-0.321636207,-0.315207301,-0.569268743,-0.174289744,-0.064024403,-0.6482487,-0.554084271,0.051926071,-0.273931915,-0.122801718,0.000549479,-0.672785958,-0.303312869,-0.058963907,0.029980116,-0.304981236,-0.620294304,-0.471132482,-0.613509198,-0.136243893,-0.62173928,0.161200753,0.102538409,-0.148996659,-0.137497003,-0.128434662,-0.408019566,0.098391797,0.060823409,0.162131509,0.11315558,-0.190035908,-0.224483765,0.045727981,0.088157348,0.392665172,0.040002261,0.275112802,0.266598639,0.621959648,0.33961099,-0.029331654,0.082418641,0.121977284,-0.177408355,-0.150022667,0.023878201,0.157317158,0.111289227,-0.329369319,-0.396907792,-0.261794302,-0.562467335,-0.104908062,-0.690506265,-0.402066375,-0.160032271,-0.333623531,-0.075524416,-0.11981382,-0.130755253,-0.495866213,-0.355858121,-0.036429566,-0.24660544,-0.61948057,-0.497349785,-0.340526869,-0.318616847,-0.227719827,-0.562781021,-0.129638078,-0.298446005,-0.092175624,0.075284938,-0.383566007,0.242297166,0.002882009,-0.455997326,-0.270116591,-0.113266499,-0.861908923,-0.325795911,-0.539810651,-0.111234138,-0.224794268,-0.015697175,-0.175946371,0.061735705,0.015032965,-0.057394966,0.419666152,-0.022321939,0.209096572,-0.018300064,-0.203737532,-0.065868017,0.287793711
0.375,-0.14105163,0.006890592,-0.443749477,0.034981775,-0.193816363,-0.075519434,-0.269286271,-0.028042071,-0.249386058,-0.438863144,0.012754025,-0.244777451,-0.010692252,-0.206733819,-0.076775837,0.008302183,0.361223698,-0.04972706,0.627517166,0.602237816,0.01016406,0.036468737,0.226745542,-0.551659948,-0.127499036,0.443636295,-0.02155671,0.124971245,0.111568663,0.278172423,-0.117110936,-0.113157792,-0.090922008,0.114274316,-0.284496223,-0.042876619,-0.187036591,-0.798609546,-1.364736401,-1.132445333,-1.015550242,-0.660081702,-0.774722032,-0.673675138,-0.050069163,-1.076458321,-1.168587859,-0.618091142,-0.437380379,-0.24742509,0.065389815,0.243889996,0.102519811,0.191113508,-0.244490574,0.039991088,-0.083263025,-0.052772791,0.041752864,0.066139401,0.106610482,-0.155483658,0.244452551,0.176976234,0.180970903,-0.123462672,-0.351055871,0.327775311,0.225756454,-0.257913304,0.232636196,0.079725193,0.256230101,-0.209727049,0.382130065,0.524060876,-0.014501966,0.481943793,0.001626918,-0.116212198,-0.302283929,-0.416316521,-0.014289902,-0.118555438,0.051279681,-0.28808952,-0.474865387,0.289689361,0.394161966,-0.661830062,-0.354275258,-0.201526134,-0.390819762,-0.412460996,-0.619272202,-0.651416828,-0.530939576,-0.420750935,-0.297488829,-0.207443155
0.133333333,-0.085737752,0.951601452,0.3945426,0.385834489,0.408070264,0.309353048,0.767036197,0.798446473,0.691271448,-0.149179197,-0.095505512,-0.059431341,0.056010055,-0.136337641,-0.002094939,0.889532694,0.576960964,1.129781305,1.062072449,0.93712117,0.269504872,0.454529624,0.481810065,0.428123608,0.11781208,0.546515643,1.105764535,0.874867256,0.750317098,0.279955313,0.442996388,-0.056476039,0.321616453,1.302805428,0.752690861,1.025283336,0.347974094,-0.181397515,0.242580358,0.269820509,0.079837992,0.956516502,0.623593701,0.298237481,0.758528589,0.734028409,0.835214808,0.919462289,0.469251369,0.322525768,0.263270167,0.672117864,0.959187428,0.571030183,0.587699118,0.293356209,0.419309694,0.428342302,-0.146455222,0.168359826,-0.193550988,-0.201399882,-0.580094954,-0.197725824,-0.166148758,0.031745424,0.152989593,0.014598807,1.307473844,0.680080954,0.262382686,0.490888252,0.251199515,-0.140326629,0.36566097,0.353926952,0.424991736,0.331174956,0.521337272,-0.115947365,1.164877155,0.816936369,1.00235884,1.178910467,0.669892337,1.148411754,0.709097329,1.382593246,1.096225332,0.708814513,0.197094195,0.038240408,-0.037233937,1.217083847,1.048966477,0.483319753,0.824673707,0.822554504,0.453175583,0.40800315
0.166666667,-0.021465211,-0.538020023,0.059764165,-0.472247518,-0.646803758,-0.109328942,-0.111166029,-0.265109154,-0.314937239,-0.285201409,0.001562634,-0.136568358,-0.374476598,-0.462060843,0.264839021,-0.037931504,0.099942081,-0.477317922,-0.278323132,-0.410568254,-0.013830989,-0.036944783,-0.446893459,0.259192621,-0.178490485,0.02604406,-0.768315924,-0.480647029,-0.14155868,-0.189771745,-0.200498757,-0.569951708,-0.063806652,-0.580751121,-0.372218953,-0.133254351,-0.000647084,-0.184974446,-0.415363688,0.018739531,-0.392915631,-0.243795479,-0.343512363,-0.093040188,-0.156684282,-0.43075561,-0.052137032,-0.900231794,0.006858263,0.206942432,0.110457762,-0.463401846,-0.183722218,-0.687045067,-0.557254364,0.025188088,-0.537135186,-0.645263532,-0.180409961,-0.026706233,-0.059026693,-0.016901701,-0.412624729,-0.141290952,-0.022535009,0.075717334,-0.140089833,-0.244798297,-0.352440051,-0.806230392,-0.049169888,-0.094402524,-0.1782354,-0.36231408,0.224170982,-0.28524694,-0.271722769,-0.139424167,-0.401567096,-0.456593079,0.112400172,-0.867634957,-0.685604017,-0.192975092,-0.780637468,-0.416061674,-0.227861621,-0.403569243,-0.453476596,-0.536206949,-0.164239812,-0.328592202,-0.579988139,-0.625209068,-0.322805711,-0.251903717,-0.280538591,-0.806729711,0.199172776,-0.119417929
0.066666667,-0.025001156,1.013982092,0.646733826,0.603243597,0.483273178,0.575218093,0.505677011,0.275326298,0.324576215,0.408007057,0.267092916,0.189153372,0.227256813,-0.155176661,0.132264786,0.370443198,-0.383538573,0.31256747,-0.224000568,0.386742397,-0.058509689,-0.172319518,0.053248666,0.026359292,-0.018288616,0.017777189,0.188836977,0.150745876,-0.126321486,-0.212300907,-0.035183137,-0.225824252,-0.069484922,0.289418797,0.281720324,0.367483912,0.140396929,-0.184577167,-0.059957394,0.213944378,-0.329457068,-0.204595789,0.062562215,-0.095373438,0.315953379,-0.112326811,-0.104267971,0.21826234,0.116726033,-0.010612049,0.259253897,0.810672484,0.520794332,0.626754488,0.671340689,0.291912219,0.581854037,0.270816008,0.412732249,-0.232857821,-0.227168513,0.363171174,0.200603744,0.074856984,-0.236430208,-0.137522644,0.090005247,0.089157787,0.522275072,0.40527122,-0.062350316,0.069702908,0.107202703,0.629452415,-0.044524885,0.327576407,0.029680231,0.055729612,-0.001931051,-0.041325786,0.451692789,0.295913942,0.501440178,0.559051632,0.485330476,0.58206455,0.449979826,0.413829834,0.347732251,0.069559881,-0.053321757,0.11497303,0.39143202,-0.012881323,0.089580492,-0.268519761,0.225398549,0.344075827,-0.035384994,-0.294670388
0.464285714,0.184971824,0.149069308,0.167611692,-0.016493993,0.066219554,0.237325341,0.493633559,-0.20171447,0.167425429,0.389728507,-0.074906619,0.857724333,0.766240851,0.513629822,0.317110966,-0.069118635,0.955594347,-0.016567302,1.076039855,0.303779464,0.618075775,0.305278724,0.471617591,0.608870552,0.086055404,0.363519384,0.079293895,-0.056427057,0.490760542,0.268823779,-0.181580714,0.080271727,0.038943244,-0.284218699,0.068898323,-0.18662423,-0.447659021,-0.112116872,-0.174740998,0.281237212,-0.356652731,-0.067688917,0.056676536,-0.609252602,-0.270969621,-0.165618501,-0.197444077,0.124458714,-0.031013441,-0.896310215,-0.173998424,-0.010463427,0.176397389,-0.023824471,0.107318115,0.240610619,-0.297703191,0.138788263,0.397700499,0.345461554,0.683474146,0.727828467,0.76985106,0.669731177,0.515206059,0.303328517,0.26142546,0.982705414,0.434752423,0.106028186,0.556596381,0.469367,0.444335012,0.370468365,1.135559204,0.535413806,0.198769246,0.273044142,-0.334895532,-0.076909717,0.385825516,-0.036460865,-0.062438961,0.222412769,0.475384392,0.062450291,-0.447711628,-0.02080639,-0.037577557,-0.053001192,-0.266353847,0.125585057,0.171699123,0.172929435,0.026315897,-0.492612089,-0.03485903,0.06047278,-0.352322825,-0.799077093
0.625,-0.164983202,-0.015772418,-0.423941745,-0.020429576,-0.065822761,-0.319012775,-0.17735812,-0.222942659,-0.367918504,-0.422306105,-0.207672122,-0.072184953,-0.277461303,0.083920816,-0.142713643,-0.242923798,-0.159607971,-0.725286928,-0.474161578,0.050630757,-0.038207725,-0.653986229,-0.440332421,-0.189468106,0.004083581,-0.443338567,-0.188012552,-0.238800354,0.206797017,-0.358959925,-0.182258623,0.15572346,-0.216856421,-1.176221076,-1.000739774,-0.443358149,0.133280093,0.346164975,-0.247141975,-0.379263781,0.328629649,-0.081145917,-0.056427556,0.205356506,-0.120614977,0.373831961,-0.542225522,-0.301196845,-0.417585083,0.475376559,0.014259054,-0.318856011,-0.202433576,0.048024457,-0.406146681,-0.22441651,-0.296288222,-0.21000692,-0.606227051,-0.221191292,-0.439032641,-0.441046234,-0.641739741,-0.71793695,-0.233676334,-0.085065659,-0.06161819,-0.847579913,-0.979468025,-0.573060909,0.295071147,-0.613484034,-0.417069107,0.036381024,-0.045339347,-0.390800537,0.303113329,-0.557594033,0.003807069,0.068035395,-0.36547615,0.091907429,-0.120912617,-0.711576691,-0.078602452,-0.310786282,0.26601444,-0.207311904,0.198166188,0.470203586,-0.008528526,0.18828221,0.181260645,-0.106384785,0.028021782,0.349911496,0.582589952,0.182119826,0.11714093,0.678604113
1,0.185175113,-0.638008353,-0.013826938,-0.546536759,-0.248998042,0.354225686,-0.019439545,0.085305341,-0.142604707,0.190494514,0.002201226,0.208222165,0.846326758,0.193422322,0.005793076,0.054550642,0.586917474,-0.070861542,0.103376673,-0.497121177,-0.136362438,0.544444814,0.046164991,-0.367106537,0.167044027,0.004895252,-0.302820027,-0.096020211,0.216151987,0.025757119,0.133519758,-0.010908659,-0.083574187,-0.469759011,0.181157159,-0.214499701,0.147107584,-0.338223012,-0.624410178,-0.174537953,-0.503598021,-0.047200713,0.072444968,-0.342236629,-0.209522923,-0.246862015,-0.473145782,-0.067869871,0.251264103,-0.129098587,0.001306004,-0.256642333,0.033813287,-0.68061452,0.097392936,0.015529425,-0.121925115,-0.398707917,0.3948442,0.769717157,0.579994247,0.94640604,0.724753786,0.450145429,0.134914477,0.019658626,-0.204911721,0.491845487,-0.416650588,-0.38322477,-0.239841978,-0.444552553,-0.111277737,-0.672963839,-0.097985087,-0.080384225,-0.37217267,0.048441559,-0.20104821,-0.022040924,-0.80558225,-0.868174461,-0.64255126,-0.585659113,-0.664221935,-1.110578785,-0.120118271,-0.333151029,-0.399295179,-1.327009768,-0.446131991,-0.092050546,-0.970370725,-0.209605708,-0.413356085,-0.144517794,-0.672059313,-0.265236465,0.721630517,-0.278989507
0.814814815,-0.084943284,-0.06407319,-0.011512437,0.059745282,0.020924321,-0.16644622,0.323057826,0.039679323,0.00873523,-0.069210341,-0.204803293,0.166985835,-0.550830263,-0.077425898,-0.050097287,-0.169477466,0.391198993,-0.142016005,0.054990845,-0.05860677,-0.053036703,0.169932342,0.316906914,0.139121766,0.252042386,0.552497545,0.355569567,0.266275421,0.02942984,0.601394151,-0.49905296,-0.176447814,-0.041259998,-0.569928404,-0.459776262,0.177478767,-0.014096109,-0.324709279,-1.195796544,0.004638872,-0.534311745,-0.530582873,-0.747382103,-0.259250421,-0.319382498,-0.632717473,-0.507338584,-0.56950267,-0.191181252,-0.619517679,0.08870179,0.088100946,-0.082494233,-0.115668984,-0.054751889,-0.116493212,0.011282943,-0.15668218,0.049646092,0.230073178,0.100309281,-0.978551208,-0.550990776,-0.018851517,0.153819732,0.118732854,0.116679444,0.211527027,0.405036826,-0.029923263,0.263547282,0.110896987,0.389219771,0.020742313,0.895910765,0.316684343,0.52551894,0.73392626,-0.293761029,-0.214241671,0.485216063,-0.571369688,0.084573192,0.109086182,0.513597189,0.262084444,0.370610763,0.765746813,-0.092664204,0.077939515,-0.484416363,0.032875863,-0.195185792,-0.259976874,-0.349307171,0.245324607,-0.29833858,-0.065762004,0.020117388,-0.536136484
0.548387097,-0.181771476,0.219612961,0.024406093,0.213039181,-0.026481172,-0.209380374,-0.188990901,-0.040568487,0.098888664,0.252506945,0.309378187,0.493331461,0.500942876,0.447432014,0.283857056,0.360657261,0.807670682,0.452514846,0.571447387,0.409794653,0.131250133,0.535359159,0.451303866,0.678722891,0.193577474,0.659541084,0.434357792,0.535497137,0.056267776,0.522623284,-0.184947515,-0.336557051,-0.091123114,0.553153175,0.354182534,0.494426745,-0.041365775,-0.175266577,-0.173512087,-0.11462388,0.282755939,0.342783312,0.11924392,0.080382045,-0.040320122,0.012741714,0.358706428,-0.066717714,-0.20289356,0.353266821,-0.401901443,0.031805243,-0.016521057,0.200859369,0.162798412,-0.03775684,0.091541396,0.149241013,0.112101189,0.297108869,0.479507448,0.537216346,0.512417376,1.283159272,1.312129277,0.466509474,0.260741946,0.743068735,0.596499491,0.221245107,0.612052449,0.365817725,0.606365329,0.212296798,0.490810173,0.488723784,0.312527051,0.775729749,-0.389293512,-0.229554699,0.26124784,-0.123546221,0.348858709,0.609634452,0.419386831,0.133737018,-0.006272104,0.353089745,0.192036993,0.112107304,-0.065168177,0.054850756,0.353941485,0.297983047,0.462158416,-0.04392783,0.36265008,-0.101519161,0.217455433,0.55020532
1,0.179961008,1.205941938,0.700748537,0.422076824,0.603025554,0.827113838,0.917952869,0.830666343,1.032743669,0.343965979,0.291571466,0.294923152,0.256393701,1.063052393,0.577179602,0.475218519,0.399597621,0.842616441,0.591293585,0.77936189,0.693730874,0.445879183,0.590130948,0.192054854,0.166182126,0.109929876,-0.161750399,0.146816659,0.33240134,0.268582338,0.187383101,0.221967935,0.084855217,0.294319278,0.015640909,1.111249264,0.33086927,0.151757322,0.17123396,0.485029799,-0.08628501,-0.308994074,-0.049667337,0.303400634,-0.019848687,-0.165500185,-0.052500953,-0.012611931,1.0876969,0.562643702,0.360715305,1.038530515,0.543200048,0.354043667,0.945473671,0.797349435,0.92331258,1.115712533,0.446277651,0.498251554,0.486163713,-0.116110125,0.221113609,0.349100512,0.601319851,0.552448133,0.602066268,0.381773871,0.630083265,0.747055921,0.605915293,0.277656001,0.344880898,0.736872378,0.003970623,0.147534734,0.162839858,0.300745318,0.19638807,0.372574506,0.154893039,1.200592704,0.511660445,0.398336885,0.180199686,1.049454836,0.518087584,0.100243791,1.251452178,0.534309468,0.414215261,0.350702768,0.593388743,0.390723914,0.485361073,0.493106115,0.099423275,0.626537841,1.433657254,1.085121625
0.965517241,-0.882784112,-1.107331618,-0.731292554,-0.191900149,-0.650451311,-0.514241375,-0.08338012,-0.518573237,-0.417093965,-0.149908594,-0.335680007,-0.3950638,-0.623462209,0.08921039,-0.310234011,-0.642380351,-0.168018902,-0.382180085,-0.401919026,-0.329682982,0.122807408,-0.290070047,-0.212092345,0.126007594,-0.19836005,-0.371373106,0.102795927,-0.382196037,-0.094708413,-0.066149064,-0.127790601,-0.700368691,-0.19521616,-0.630523783,-0.132481031,-0.814462264,-0.396893514,-0.199301813,-0.534321,-0.101268734,-0.419847907,-0.498034055,-0.36279248,-0.205589546,-0.299976331,-0.610341367,-0.456447281,-0.231325204,-0.881274539,-0.408996048,-0.70908891,-0.974975856,-0.271533934,-0.31342888,-0.883767098,-0.748696853,-0.780096958,-0.42783694,-0.466742217,-0.7442814,-0.365444611,-0.795617933,-0.299453536,-0.33768916,0.088621887,-0.378852195,-0.359656857,-0.420496823,-0.376107613,-0.753320933,-0.152675539,-0.56360832,-0.272979398,-0.526647663,0.117452516,-0.349087559,-0.297063337,-0.358553121,0.069295444,-0.552276781,-0.336427046,-0.542245582,-0.35366019,-0.487679265,-0.241611727,-0.493937861,-0.737586643,-0.480798268,-0.800082878,-0.871570633,-0.476173593,-0.480579741,-0.698533672,-0.857223661,-0.880877906,-0.400535874,-0.682324909,-0.442297309,-0.703083875,-0.466292041
1,-0.156159646,0.136380699,-0.402733761,0.533162115,0.352518862,-0.372782694,-0.03871666,-0.318237397,-0.822746745,-0.427283627,-0.19309256,-0.670796559,-1.150143457,-0.006383025,-0.101144071,0.03504463,-0.373167063,0.10425544,-0.10176033,-0.116758096,0.008620257,-0.509680795,-0.07721728,-0.10436835,-0.242489268,-0.373563312,-0.043500313,0.092467124,0.132129147,-0.169912357,-0.024684413,-0.13779255,-0.203793675,0.01503669,-0.18446957,0.453783242,0.296133775,-0.325678233,-0.418314041,-0.427800391,-0.274366241,-0.682930851,-1.033026452,-0.435421039,-0.343258096,-0.741168682,0.02455011,-0.410263068,-0.294260868,-0.426447214,0.01929138,-0.115327738,-0.238223405,0.48192668,0.047611686,-0.395659825,-0.041505345,-0.385820832,-0.349060954,-0.114395865,-0.558590869,-0.878817637,-0.245296656,0.306418237,0.069854778,-0.255666297,-0.137917831,-0.112122022,0.183942896,0.088679326,-0.089284067,0.101762777,0.221531393,-0.871388754,0.049459548,0.049033135,-0.076072054,0.077406112,0.035875831,0.153050694,0.313404974,-0.006242746,0.047472375,0.285934097,0.117254847,0.064274067,0.244274211,0.569764786,0.313160704,-0.480575925,-0.27745991,-0.231173804,0.126103816,-0.206562431,-0.356307077,-0.189982637,-0.380216838,-0.220420647,-0.165779401,-0.240822099
0.866666667,-0.496606712,-0.611048797,-0.241541835,0.104561476,-0.084141867,-0.092326065,-0.44420554,-0.437083652,-0.490812753,-0.137478259,0.254956029,-0.145295851,-0.118133999,-0.31030357,-0.299643526,-0.374222532,0.056005542,-0.512202942,-0.148684432,-0.523981827,-0.335755701,0.022598573,-0.539059873,-0.457874511,-0.012617556,-0.021287732,-0.606507888,-0.048988307,-0.15375439,0.053072913,-0.395066977,-0.417259429,-0.216021976,-0.682006017,-0.236008786,-0.614924635,-0.453689536,-0.534696703,-0.800915898,-0.543617403,-0.98509967,-0.330638622,-0.602103795,-0.766581626,-0.431095975,-1.023977079,-1.202926826,-0.805345279,-0.259181262,-0.822325449,-0.219904231,-0.527526607,-0.369827629,-0.248655654,-0.61880089,-0.183262064,-0.506096956,-0.353476185,-0.215783815,-0.141058064,-0.444379519,-0.231526558,-0.754382946,-0.58337018,-0.364162918,-0.364030772,-0.681205241,-0.412225189,-0.613950254,-0.44900404,-0.420132469,-0.312587624,-0.087727208,-0.651887928,-0.554822266,0.013619346,-0.536964126,0.086387153,-0.408122089,-0.276478884,-0.720064603,-1.31672414,-1.178943371,-0.348956077,-0.742407929,-0.864752712,-0.347133074,-0.170173085,-0.691126016,-1.247076007,-0.708675491,-0.441284725,-0.967909933,-0.432705263,-0.81066136,-0.973260429,-0.938177994,-0.637095388,-0.254229856,-0.811578727
0.607142857,-0.597015811,0.611306682,-0.141696392,0.434037277,0.230696076,-0.235643158,0.039715161,0.135406385,-0.175608732,-0.024275558,-0.60832254,-0.29744971,-0.393254168,-0.061124927,-0.016541866,0.340934703,0.054250656,0.152474445,0.035839343,0.077957738,-0.239668191,0.192526219,0.025768232,0.758926703,0.297135504,0.137217241,0.198934764,-0.427351245,0.395864608,-0.320539702,-0.277918507,0.132207273,0.050131689,0.24860814,0.092923118,-0.003630876,0.483202876,-0.030979855,0.297536321,0.57453775,-0.035386897,-0.028678334,0.316247459,-0.841473719,-0.01881697,-0.241256879,0.029471742,-0.29482801,-1.104656998,-0.101484425,-0.158604976,0.070269739,0.244198463,0.546837294,0.157631832,-0.478726229,-0.019790088,-0.063481582,-0.148434726,-0.493352175,-0.297143308,-0.628808738,-0.268104693,-0.083879897,0.203595593,-0.050130947,-0.071251569,-0.084702746,0.301207116,0.182733293,0.131609733,0.162756908,-0.044609191,0.08247659,-0.270085642,0.233133251,0.354451241,-0.266919592,-0.178577029,0.225888894,0.770658863,0.166876854,0.233078589,0.52305721,0.38780642,0.287468571,-0.023022818,-0.050223303,0.403172459,0.531914093,0.03686081,-0.036919179,0.300124838,-0.130313351,0.466354769,-0.959072548,0.024589498,-0.029391174,-1.461815279,-0.400507347
0.964285714,-0.180225056,-0.147221769,-0.469254369,-0.206999114,-0.062019924,-0.304355713,-0.411380026,-0.522398756,-0.427010872,-0.398505975,-0.222887045,-0.40806024,0.132119517,-0.563597054,-0.357846335,-0.43208563,-0.099920826,-0.589020176,-0.098815303,-0.629879242,-0.814415478,0.145725098,-0.20293753,-0.053093892,0.173696189,0.178437526,0.425254233,0.249284106,-0.412777275,-0.100551649,0.099424751,0.107572255,-0.040048963,-0.206549246,0.219080923,-0.570097288,-0.123812447,0.088385236,0.295318345,0.111241258,0.174137625,0.307000844,0.246137789,0.217516377,0.328252287,0.399228245,0.45587053,0.27646001,-0.282354406,0.097748671,-0.314365991,-0.112979748,-0.33166132,-0.022744444,-0.47343806,-0.26972363,-0.711999834,-0.307114053,-0.475073343,-0.299139556,-0.602376258,0.234410948,-0.980575351,-0.005724198,-0.915992688,-0.384697717,-0.228393393,0.110510235,-0.178433355,-0.444223186,-0.765151172,0.452470104,-0.174257541,-0.073118917,-0.305405112,-0.040907369,-0.540894171,-0.377472613,0.307700502,0.011714966,0.350496882,0.283912278,0.366095921,0.475054594,0.059454833,0.114569901,-0.21482516,0.502960552,-0.635790598,0.282915791,0.117984482,0.000556368,0.015605262,0.286631876,0.428293585,0.237641007,0.31083124,0.174701049,-0.059766974,-0.129400532
0.035714286,-0.338962336,-1.15676299,-1.273934732,-0.576868317,-1.181055417,-1.259284486,-1.176232692,-1.670684016,-1.759361786,-0.835376443,-0.336432474,-1.089302474,-1.070656973,-1.241457291,-0.975829734,-0.753997438,-0.868100904,-1.033671072,-0.608541136,-1.057083878,-1.667110067,-0.840498907,-1.014608523,-0.641803993,-0.40487645,-0.221082485,-0.208053406,-0.183646027,-0.714962981,-0.15593406,-0.327668576,-0.231438016,-0.227905286,-0.22333894,-0.195882757,-1.034040757,0.105478022,-0.60340128,-0.918341752,-0.829804983,-0.608473634,0.105114826,-0.177993719,-0.892464736,0.372985336,-0.521077944,-0.0377524,-0.329095875,-1.388568564,-0.717907353,-0.363001233,-0.790071982,-0.806984897,-0.52636509,-1.285131178,-0.945166996,-1.409791973,-1.713860815,-0.850193287,-0.745350976,-0.799884954,-1.411005943,-2.022958594,-1.524322989,-1.402815791,-1.181516732,-1.52221576,-1.131611685,-0.813711591,-1.526902284,-1.38891201,-0.805884094,-0.837248232,-0.858047198,-0.854272362,-0.248647742,-1.143021642,-0.416335515,-0.47563309,-0.356333452,-0.142281462,-0.028591222,0.047726902,-0.3620131,-0.43250617,-0.250357482,-0.416837508,-0.261228146,-1.384577278,-0.340506124,-0.61190153,-0.743824806,-0.758881422,-0.090841023,0.013045445,-1.183694892,-0.598260382,-0.595980117,-1.520014376,-1.26316576
0.076923077,-0.379288466,-0.363944155,-0.375763853,-0.211190128,-0.554924518,-0.224480585,-0.584038004,-0.640776638,-0.435629536,-0.077829375,-0.134103077,-0.088115931,0.003374261,0.076196204,-0.198710522,-0.148635008,0.228783154,0.2810839,-0.184078025,-0.021059466,-0.04150067,0.062074367,0.038086737,-5.51E-05,0.03320308,0.092127101,0.164441781,-0.091016284,-0.38261547,-0.167625896,0.01034958,-0.305662827,0.148612453,0.603822523,0.630860951,-0.514824144,0.136003321,0.090967713,0.604324675,0.219012437,0.234886613,0.094296183,-0.041301644,-0.223401243,0.145902204,0.135963045,0.456995973,0.25364298,-0.456074474,-0.000284822,-0.100288142,-0.40991454,-0.384142628,-0.375257014,-0.230285214,-0.077532063,-0.594036365,-0.610389399,-0.505756689,-0.361650532,-0.184215182,-0.589167246,0.025980174,-0.187651082,0.034935563,-0.387386635,-0.345972373,0.106393305,0.266054028,0.133197069,-0.036948108,0.15172336,0.106292731,-0.234610598,-0.241096698,-0.149155886,-0.095023056,-0.065297525,0.128517476,-0.320627664,0.005867572,0.497858593,0.502172908,0.519587679,0.260118406,0.148215396,0.187179586,0.256096593,0.45836943,-0.208471324,0.155694757,-0.068895535,0.221699715,-0.146221973,-0.572903074,-0.192323899,0.225641847,0.248923831,-0.219412747,0.366334684
0.9,-0.137989625,-0.085905397,-0.208509917,-0.002853551,0.021971677,-0.403799057,-0.220792621,-0.004933559,-0.190521239,-0.326268689,-0.100188062,-0.3727094,-0.16279591,0.241146469,-0.20263093,-0.002530694,0.131867508,0.292598088,0.383922633,-0.066784589,-0.238514898,0.03226753,0.119275416,-0.40655158,-0.144162358,-0.060849596,-0.245234838,-0.193927243,-0.225689148,-0.085924696,0.078082167,0.019407468,0.014072536,0.421702934,0.437572305,0.031626689,0.240353279,-0.387491228,-0.383410545,-0.348074716,-0.000627886,-0.185718073,-0.396485735,-0.015304351,-0.229395912,-0.106437914,-0.080131374,0.225057879,-0.170411956,0.243471366,-0.077771513,-0.107613337,-0.193616723,-0.097523654,-0.160013961,-0.126246025,-0.184247457,-0.195422521,-0.195006598,-0.134559365,-0.252602835,-0.389444608,-0.647803584,-0.173205754,-0.2447909,-0.196585841,-0.341705995,-0.352686364,-0.153145473,0.003347708,-0.226935345,-0.35651409,-0.226110407,-0.632005727,-0.658183697,-0.494672721,-0.387759589,-0.253201756,-0.3817294,-0.092606203,-0.46353889,0.244114597,-0.361519125,0.053780164,-0.20177459,-0.356751582,0.098452377,-0.330309117,0.434085356,-0.496780205,-0.099461602,-0.127729805,-0.523707474,-0.452411676,-0.341946562,-0.144470823,-0.486860204,0.169322197,0.357479764,0.30756383
0.1,0.095224345,-0.603519378,-0.292435238,-0.170691826,-0.348886355,-0.272322026,-0.201108686,0.015405818,0.038945838,0.259576607,0.03873575,0.259527368,-0.00115769,-0.248717151,0.061725001,-0.418434747,-0.546025265,-0.909405269,-1.146742255,-0.478631242,-0.191315975,-0.306663588,-0.553322955,-0.11394308,0.428952365,-0.572914796,-0.428019864,0.013439542,-0.195390355,0.036431189,-0.117692526,0.033774192,-0.225586673,-1.129124915,-0.790145197,0.477273304,0.163190538,0.207196255,-0.207370744,-0.084055632,-0.064456645,0.021900599,-0.770216934,0.401287825,-0.363295423,-0.135789503,-0.508964941,-0.41079691,0.216113097,0.600108026,0.17329682,-0.176392114,-0.114490822,-0.402256565,-0.47694483,-0.101021793,0.162403982,0.186905473,-0.06637042,-0.048445681,0.026580311,-0.034584901,0.124657321,-0.095331927,0.129737601,-0.013139032,-0.086713619,-0.467325892,-1.046627516,-0.523996869,-0.071724534,-0.3165906,-0.151086223,-0.119358785,-0.048372102,-0.192213883,0.169046672,-0.117873091,0.089953574,0.166547897,-0.345552531,-0.313729665,-0.575454367,-0.945901602,-0.242408908,-0.505190936,0.534354719,-0.306996689,0.397564174,-0.044854349,0.023308761,0.643245723,0.049437951,-0.532217763,-0.464715665,0.660492615,-0.107453607,-0.099741259,0.439748269,0.603479844
0.714285714,-0.514151907,-0.127383626,-0.230027162,0.540528019,0.374571061,-0.011411138,-0.422493828,0.059200092,0.021988025,-0.056580007,-0.223685851,-0.324137851,-0.219188248,0.117889913,-0.268497441,-0.26710233,-0.138285204,-0.174065755,-0.159444663,-0.338458696,-0.194376369,-0.192192905,0.097714064,-0.463262411,-0.275485097,-0.16857539,0.088287989,-0.112028187,-0.181282071,-0.185404624,-0.255603063,-0.241242477,-0.231279405,-0.20259754,0.070974485,-0.67410194,-0.367859925,-0.429499906,-0.212958229,-0.798889545,-0.511873299,-0.490592273,-0.357101345,-0.397144213,0.173259554,-0.143731391,-0.030509615,-0.02723872,-0.825582232,-0.657036103,-0.129572547,0.051939309,-0.044587963,0.372425005,0.049165419,-0.340424142,-0.147082838,-0.067621123,-0.457405561,-0.479582648,-0.657994141,-0.474138336,-0.142713577,-0.550552215,-0.177395184,-0.352862745,-0.661570384,-0.107666574,0.086419852,-0.136523175,-0.507055816,-0.099902659,-0.121144915,-0.66222858,-0.484568293,-0.123072463,0.027087827,-0.157113938,-0.097214445,-0.381478373,-0.428662872,0.128225763,0.080955914,0.001649799,0.423384262,0.205566983,0.024331013,0.036879397,-0.367089383,-0.297651121,-0.373487157,-0.522563957,-0.407363044,-0.318811764,-0.470023251,-0.851582742,-0.268407328,0.081073927,-0.561873878,-0.719656927
0.133333333,0.271958685,0.746554525,0.276923663,0.426334481,0.436605082,0.406438033,0.583636091,0.770018391,0.594376058,-0.069664643,-0.112805245,-0.007925979,0.165333188,0.362874897,0.029948494,0.500058364,0.090889818,0.609218119,0.564865122,1.303888466,0.55828473,0.551099067,0.534072716,0.136327759,-0.031018352,0.031562387,0.53598697,0.227855826,0.402561846,0.315820518,-0.557799097,-0.088348442,0.087200421,0.322744474,0.259181033,1.791863565,0.442887135,-0.333798691,-0.372708169,0.213905022,-0.369388897,-0.276778112,-0.481108866,0.231709903,0.382811293,-0.296875663,0.104361673,0.412022424,0.434046081,0.64246319,0.200052583,0.661553947,0.435228799,0.55719855,0.511097398,0.362506297,0.789645549,0.790178161,0.101822815,0.169783425,0.453987511,-0.048936438,0.514475487,0.568072951,0.685985156,-0.042316806,-0.046169168,0.223428651,-0.055828578,0.466779172,0.726331916,0.34999336,0.342053432,0.230254203,0.309908312,0.106481464,0.486120665,0.257268367,-0.500473752,-0.04448902,-0.164829757,-0.334482343,0.082085785,0.272892664,0.037932948,-0.18056918,0.277778993,0.257765023,1.043926079,-0.670701654,-0.497896693,-0.073276284,-0.230455934,-0.452052878,-1.052406201,-0.115582277,-0.570397023,0.060858368,1.461447348,0.408988429
0.6,0.551017063,0.975400839,0.606928253,0.216032785,0.545845914,0.424266145,0.336583732,0.359888088,0.373268598,0.785405352,0.77084793,0.70464303,0.131331459,0.361095475,0.734846508,0.742285954,0.257167319,0.912430564,0.323847882,0.352876995,0.265618377,0.893667997,0.782176561,0.687929623,0.661497735,0.844055116,0.640894472,0.721860782,0.361831797,0.981724182,0.343798674,0.167397079,0.106019997,0.751493176,1.213908692,0.594010084,0.233207041,0.37814763,0.776108874,0.67952727,0.645179563,0.669008832,0.917523798,0.455573461,0.300915887,0.889806581,0.81917361,0.488122616,0.394463231,0.192655577,0.573867236,1.102686712,0.473215506,0.425143383,0.603759923,0.602672268,0.533297474,0.042893121,0.576017825,0.786434148,0.446126177,-0.072864866,0.444509084,0.57448884,0.310073382,0.658484738,0.502009548,0.056893401,0.303182928,0.675409567,0.143639359,1.07205123,0.621342076,0.83224536,0.284800778,0.662210226,0.35506766,0.954451604,0.334165609,0.30061504,0.63880127,0.198786927,0.252451216,0.893469167,0.388853079,0.68439382,0.543577585,0.66713047,0.604266593,0.683683559,0.156879842,0.866523595,0.670070817,0.654296946,0.919029909,0.059839999,0.684866772,0.133538471,0.107517575,0.087695302
0.64516129,-0.059979659,0.678843746,-0.116604896,0.403527787,0.229932027,-0.262301843,0.251309078,0.27001967,-0.28300621,-0.221893266,-0.186817162,-0.394296962,-0.114419015,-0.590440019,-0.615026614,0.566409462,0.083626303,0.533803689,0.234104824,0.309407402,-0.272207715,0.249909962,-0.055969348,-0.24897225,-0.407143018,-0.314493908,0.617347575,0.114108491,-0.014305575,-0.173791919,-0.215489532,-0.126943601,0.08068651,0.817437626,0.557368033,0.540771574,0.523834862,0.019912813,-0.390469172,-0.559235644,0.1469842,0.046480318,0.365106178,-0.352676841,0.870778128,0.460120329,0.754899067,1.053226863,-0.400164694,-0.154936072,0.281881631,0.720512237,0.557680232,0.583790705,0.040718902,-0.292014964,0.659268926,-0.119095062,-0.432630728,-0.368294524,-0.140013986,0.0109069,-0.08595036,-0.318474603,-0.710982153,-0.462277596,-0.153712168,0.310682871,0.334426271,0.189111414,-0.56073518,0.541160172,-0.166579185,-0.347977316,-0.097760204,-0.116700878,0.060322753,-0.254139748,-0.175183755,-0.078102077,0.881416701,0.884754674,1.135240031,0.488915123,0.864809512,0.714211844,0.836454399,0.145542097,0.642585362,-0.108645482,0.165956089,-0.398166766,-0.144114862,0.221181642,0.475087896,-0.171301881,0.522185654,0.649944308,-0.217327781,0.204156049
0.7,0.000752954,0.287508307,-0.259246987,0.366871214,0.611106295,-0.01099856,-0.00351729,0.703044381,0.166639322,-0.623362765,-0.984360857,-0.952761766,-0.8036746,0.32739212,-0.533858674,0.11748963,-0.684002672,0.588800621,-0.109964204,0.560345236,0.275631736,-0.309530146,-0.119619843,-0.755077833,-0.457437253,-0.330754366,-0.130045417,-0.065251161,-0.265893555,-0.087332235,0.422754674,0.05192416,-0.022992553,0.214059001,-0.137109753,0.023782248,0.121862207,-0.136029522,-0.432840888,-0.089964735,-0.110749555,-0.140769446,0.036133063,0.092370738,0.136852108,-0.169209646,0.057801076,-0.268958819,-0.242282529,-0.10369063,0.225044218,0.420545785,0.029822372,0.522690642,0.483710823,-0.258195511,0.673581267,-0.136924685,-0.695080698,-1.125233276,-0.742438045,-0.698932965,-0.442834827,-0.381069974,-0.12598235,-0.573423263,-0.036804903,-0.184897373,0.403528298,0.35346877,0.086197,-0.017155136,-0.258162104,-0.288267929,-0.553461164,-0.346430488,0.099121437,0.060130062,0.488370844,0.152663641,0.098052177,0.111175106,0.439438059,0.150100785,-0.157131269,0.374180241,0.164523836,-0.170233961,-0.206749842,-0.542143386,-0.001791967,-0.297954593,-0.359123149,0.152872311,0.513312516,0.29702847,-0.069821876,-0.102711141,-0.285063235,0.272501589
0.071428571,0.171003535,-0.522773634,-0.247194876,-0.267874837,-0.188876051,-0.402767189,-0.422109124,-0.190266447,-0.654021325,-0.384510471,-0.399692289,-0.513955065,-0.240258751,-0.504527083,-1.045745701,0.079174515,-0.027499266,0.272160356,-0.055176637,-0.282545226,-0.027556598,-0.083212527,-0.407650113,-0.21771356,-0.249444761,-0.310758399,-0.187855853,-0.205119215,-0.148283133,-0.525583931,0.14223566,0.104618259,0.126135954,0.141681351,-0.266927724,-0.355211758,0.550842931,-0.212631689,-0.027762993,-0.387987288,0.065426717,0.015236551,-0.005550005,0.253812572,0.308957239,0.029576542,-0.068507139,-0.006355709,-0.182834714,0.177795702,-0.180383286,-0.497293281,0.0882543,-0.159564534,-0.114757275,-0.514793636,0.015281293,-0.593885332,-0.419821908,-0.639671592,-0.030959789,-0.361506692,-0.622330751,-0.815807324,-1.180862834,-1.057411167,-0.565810064,-0.350565219,0.083853411,0.182046505,-0.488711227,-0.345890506,-0.437760767,-0.663724783,-0.340846645,-0.146252546,-0.181151907,-0.637683952,0.115282786,-0.121335176,-0.294880945,0.166398931,-0.010442021,-0.196215813,-0.46054136,-0.227405637,0.556174959,-0.370324423,-0.028491023,-0.619008958,-0.100679931,-0.425008362,-0.558788373,-0.108569126,-0.248145818,0.109726225,-0.057505777,-0.0399579,0.152646631,-0.0946665
0.642857143,-0.143023862,0.554494816,0.208532421,0.140633936,0.330968337,0.603348445,-0.014077781,0.042022063,0.14862557,0.176557734,0.221717828,0.356600925,0.130266813,-0.020970469,0.335584514,0.074227072,-0.006399653,0.380391371,0.453457255,0.238000207,-0.071444189,0.340728579,0.151987639,0.069387679,-0.003768863,-0.021004371,0.017268776,0.338300985,0.101880426,0.517730371,-0.092610479,-0.000386515,0.111973556,0.408518676,0.593232443,0.617595541,0.547591409,0.27646333,0.020527431,0.056562678,-0.087048491,-0.025383882,0.198323909,0.063579005,0.134070574,0.161498019,0.591622102,-0.073822512,0.395689414,0.690136384,-0.049415802,0.272427628,0.231802574,0.110716485,0.412977395,0.378992618,0.098424065,-0.09371398,0.047370234,0.101076646,0.278390395,-0.031249507,0.172273442,0.059600871,-0.064144163,0.203208024,0.164043071,0.367722138,1.078010577,0.80485191,-0.060899413,0.80791351,0.368475047,-0.017211796,0.165544548,-0.064272798,-0.148034901,0.214822906,0.093753123,0.195822793,0.545255297,1.011008995,0.762499897,0.919191403,0.183118617,1.072874905,0.606334894,0.783930934,0.811475683,0.173477029,0.228081382,0.118256126,0.337020063,0.45073288,0.096376872,0.232414252,0.32887498,0.792471584,0.437805211,0.845417913
0.2,0.523258872,0.455352063,0.692118255,0.413880655,0.286668228,0.087256512,0.316138258,0.188141977,-0.00317901,0.382813016,0.297885556,0.396274432,0.066679701,-0.167507106,-0.048524917,0.094664321,-0.13385926,0.029572772,-0.596654151,0.414776984,-0.202983078,-0.250176258,-0.003387743,0.48940039,0.409452139,0.0890842,0.278782353,0.075415308,0.051943994,0.04967649,0.183343755,0.164492689,0.05783507,-0.117559327,-0.102442491,0.804144212,0.541230394,0.310430076,0.36987613,0.412040434,0.536529808,0.329621884,-0.010859673,0.934547163,0.204133001,0.186042156,-0.214752619,-0.111652009,0.912554898,0.813282023,0.097001222,0.599774494,0.137732543,0.531720635,0.189522784,-0.127992374,0.311971764,0.144566177,0.503722986,0.175007459,0.576202723,0.323823642,-0.166552225,-0.147947403,-0.292714349,0.021640297,0.794571029,-0.72551123,-0.848899911,0.066529467,0.074849558,-0.048140279,-0.261591607,0.65457072,0.243092511,0.064684575,0.246058277,0.10745265,0.314845911,0.023718252,-0.111740061,0.729301958,0.199229038,-0.130183012,0.167105055,-0.065021436,0.50265693,0.021590899,0.761243433,0.67604156,0.071077138,0.541368031,0.840678205,0.159647103,0.359756359,0.838682415,0.280530394,0.50261612,0.980982769,1.226106565
0.933333333,0.056927999,-0.436042088,-0.748051131,0.455200712,-0.186331581,-0.574538962,0.070942415,-0.349415755,-0.415694027,0.150483529,0.251753429,0.337017387,0.130744099,-0.084411345,-0.551430429,0.21157138,0.066550159,0.284315043,0.462648112,-0.876028016,-0.200700141,0.244819132,-0.30667789,-0.353890083,0.037957223,0.169845183,-0.605016424,-0.044963958,-0.696575881,-0.567273689,-0.087130417,-0.31201435,-0.006946957,0.548292656,0.065745234,-0.902179904,-0.643953046,-0.613830893,-0.698422194,-0.406896103,-0.521975367,-0.071006415,-0.181153246,-0.848305396,-0.245220009,-1.181538183,-0.324051492,-0.689484304,-0.299685201,-0.488120454,-0.060199731,-0.63303944,0.346640058,0.230846063,-0.504799618,-0.780840279,-0.192280265,-0.505216983,0.185595774,0.159818447,0.312489639,0.297564481,-0.452404624,-0.61102534,-0.523550812,-0.456866677,-0.325002704,-0.261587155,0.700768715,0.039414422,-0.818506955,0.561896018,-0.36068983,0.260639712,-0.017851022,0.131429531,-1.002559197,-0.130489642,0.187741292,0.007351601,-0.735007938,0.848471261,0.619448201,0.230586462,-0.340706525,1.011177681,-0.820593086,0.369700498,-0.440472359,-0.173305235,0.092068352,-0.14760944,-0.28809176,0.464306442,0.201083224,-0.521153911,-0.629705735,-0.025463,-0.079315029,0.04330219
0.074074074,-0.03162564,-0.216076847,-0.129765075,-0.293606251,-0.372723774,0.563951119,0.068229746,-0.002916433,0.091368673,-0.622030472,-0.183741252,-0.19089428,0.08076848,-0.105062388,-0.175768718,0.141933096,0.798201647,0.376510202,0.586265191,0.026082263,0.037296223,0.419294133,-0.01691566,-0.228180456,-0.302250163,0.443584653,0.205541772,-0.033410535,0.111338635,-0.198837804,-0.038174202,-0.368510039,0.012595105,0.420348913,0.162399565,0.680352469,-0.215972019,-0.598841907,-0.511126991,-0.51258154,-0.371679088,-0.174549442,-0.350915936,-1.11051216,0.05113592,-0.64816499,-0.654183246,0.180151687,-0.062165855,-0.242562488,-0.161970894,0.113050553,-0.174310916,-0.226276626,0.105393721,0.273386978,0.266888601,0.155834298,-0.308906404,-0.143994604,0.204054806,0.239300827,0.128017403,0.22152027,0.440154108,-0.200469154,-0.256987113,0.713577995,0.038056988,-0.148251963,0.275287107,-0.023815349,0.038375311,-0.566134975,0.364985746,0.417253378,0.037137173,0.024932233,-0.055367221,-0.285078364,0.04950265,-1.603988591,-0.592726154,-0.765506847,0.058774784,-1.136051504,-0.588416666,-0.540014201,-0.651161466,-1.173512347,-0.915622027,-0.461936825,-0.883486613,-0.429127637,-0.167506699,-1.845475644,-1.16676423,-1.392353057,-0.527032924,-1.163569085
0.107142857,-0.115875155,-0.449416469,-0.246575429,-0.393960243,-0.378349606,0.188525755,-0.189383657,-0.455258513,0.05958681,0.102340602,0.21595086,0.430808786,0.394996687,0.382973734,0.271994285,0.024794033,0.323135826,-0.819540663,0.144951713,-0.929611993,-0.777445246,0.180185777,-0.026051362,0.130907905,0.280762851,0.395793967,-0.252091339,0.353639843,0.071943041,0.241354969,-0.252995315,-0.138147894,-0.131064131,-0.387158907,0.134743758,0.024841738,0.104399258,-0.011759261,-0.174405273,0.12828093,-0.292210929,0.078027186,-0.277480364,0.076321755,-0.446155184,-0.228013832,-0.483781499,0.123144263,0.278833473,-0.088508345,0.116177383,-0.032430228,-0.015314534,-0.411090489,0.269790063,-0.030182543,-0.256391757,-0.339524536,0.105784843,0.024771977,0.10181993,0.360769814,0.495300595,0.348610392,-0.138123273,0.060497406,0.06380033,0.130517982,-0.3526933,-0.652595833,-0.663194465,0.378793591,0.095872968,0.061023313,0.404604755,0.445147485,0.180940136,0.680774389,-0.258108658,-0.247568144,0.464533386,-0.415314028,-0.47795299,0.197280921,-0.414274879,-0.258562895,0.320928187,0.577390481,-0.276647712,0.180870948,-0.006451779,0.14943726,0.109671188,-0.369320836,-0.074355619,0.224046626,-0.141337908,-0.217190723,0.649075088,-0.415051338
0.965517241,0.078920194,0.44401353,0.14226384,-0.194154327,0.129924388,0.163022892,-0.113359606,0.026712626,0.21204597,0.356886973,0.240378826,0.593051329,0.113568531,0.415070655,-0.072651766,0.069096757,0.718847735,0.25950372,0.426601441,0.892866375,0.741078244,0.322824977,0.254012078,0.652239351,0.397996274,0.397648853,0.2278492,0.059446868,0.081085423,0.29355448,0.427491388,0.379088222,0.060888169,-0.130643195,0.275447418,0.635253725,-0.253186238,0.468204712,0.180700277,0.327246641,0.319847505,0.252747561,0.23201976,-0.03318762,0.262558953,0.4121937,-0.180572359,0.169870113,-0.084095936,0.152308799,-0.198368883,0.242590369,0.096964733,0.025400265,-0.266975657,0.191331893,0.057134571,0.01458707,0.557184028,0.634726701,0.689020351,0.246794697,0.656925437,0.678575912,0.839479088,-0.290611554,0.293740995,0.635800077,-0.213127015,0.069405299,0.600149646,0.056240538,0.14945739,0.177746737,1.141944856,0.592718561,0.287757522,0.780009771,0.636177313,0.297763594,-0.469858701,-0.96576252,-0.746861537,0.428407177,-0.21813414,-0.519997711,-0.664690563,-0.133430451,-0.157530921,-0.648182813,-0.152195198,0.231529576,-0.126205668,-0.045425911,0.10802494,-0.167071796,-0.240760236,-0.744145797,0.596635814,-0.106319329
0.666666667,0.418481664,-0.060116949,0.265916569,-0.111380127,0.396170928,-0.038891642,0.325979469,-0.31508223,-0.270440368,-0.343269161,-0.146656152,0.496563794,0.160210453,0.103551573,-0.115226776,0.225508621,0.830501421,-0.31699218,-0.356853485,0.398273263,0.014715046,0.233548371,-0.076338861,0.552622611,0.318835629,-0.034364673,0.196136357,-0.248579819,0.330402466,0.08531041,0.171024342,0.076385177,-0.029629882,-0.617464187,0.405940806,-0.218557338,-0.074792418,-0.125747896,-0.340300198,-0.238302823,0.290701034,0.142436005,-0.06723909,-0.137285536,-0.077354624,0.170870712,-0.408960055,-0.22085995,0.349745332,0.183840462,0.021519715,-0.087631852,-0.068060886,0.036137474,0.099616015,-0.029216732,-0.560352333,-0.226529668,0.075594617,0.195008992,0.363251853,0.112385019,0.14834583,-0.210861169,-0.064235315,0.173784998,0.253492446,0.115127638,-0.925563056,-0.383365466,0.030133915,-0.088724242,0.085808782,-0.146408797,0.889648397,-0.050337585,0.222531637,0.248221493,-0.200278896,0.016792626,-0.730405876,-1.096350203,-0.492455553,0.124319069,-0.204318852,-1.023767921,-0.335426289,-0.37179773,-0.195472502,-0.867103106,-0.795798339,-0.181517815,-1.023885476,-0.31288527,-0.995770511,-0.066252671,-0.644974955,-0.622641269,0.191802866,-0.079032507
0.322580645,0.532763064,1.352799956,0.829744151,0.667134423,1.09145322,0.816764506,1.263174412,1.302267307,0.522744686,-0.095478425,0.316951052,0.109739741,0.116889673,0.607837521,0.603993809,0.834909756,0.289735785,1.356804477,0.68518761,0.970757949,0.548677671,0.809316699,0.979935094,0.32896287,0.313487024,0.659167192,1.103858057,0.858539856,0.595899924,1.061088361,0.719438496,0.338418504,0.239339918,1.281687492,0.983828464,1.211288021,0.708624879,0.445215906,0.637987686,0.923102571,0.807583978,1.040684718,0.744191918,0.534641105,0.820538809,0.822256038,1.067073493,1.010282077,0.837250259,0.567531773,0.630689563,0.831339837,0.950842062,1.091736113,1.048177726,0.336811729,1.547069682,0.520978037,0.53542965,0.171626996,0.120753077,0.158052806,0.653163759,0.243450633,0.317512046,0.536605742,0.866229521,0.240612479,0.967794596,1.416249685,0.543771619,1.18703059,0.726792969,0.743614612,0.366980059,0.500426398,0.72127445,0.998550476,0.520678727,0.35833888,0.635567117,0.878307349,0.790087633,0.952623349,0.959709274,0.673513216,0.971435021,0.869950695,1.157244962,0.728888769,0.406123061,0.524848841,0.438096506,1.279088454,1.214847083,0.704299315,0.888958419,1.005546978,0.820757216,0.867667234
0.607142857,-0.052725288,0.567871572,0.719537105,0.162411947,-0.110197559,0.234564062,0.627737123,0.434292292,0.36544799,0.637628536,0.486342203,0.147916288,0.666304211,-0.06050445,0.365562739,0.22270679,-0.161976715,0.062878716,0.10704622,-0.313222943,-0.072586556,-0.145492181,-0.14040446,-0.208991322,0.106644888,-0.102136836,-0.441716397,-0.539113909,0.045731639,-0.497848404,-0.722817839,-0.145647858,-0.075649187,-0.052128185,0.072033469,-0.2569504,-0.886187284,-0.093920327,-0.289089669,0.317569422,-0.68168037,-0.495202021,0.029420732,-0.810446168,-0.170682866,-0.150482623,0.014092029,-0.544907787,0.187714845,-0.970640194,0.017588723,0.580170054,0.651857683,0.002147787,-0.060889578,0.210070683,0.73315367,0.444471802,0.678659403,0.263340647,0.344880722,0.722540934,-0.435242837,-0.329461873,-0.147665638,0.455151493,-0.413500706,-0.214975147,-0.142436107,0.344053347,0.182903407,-0.096797103,-0.387438367,-0.513811812,-0.463824961,-0.036613533,-0.292757915,-0.482196099,-0.379148306,-0.268090352,-0.670471021,-0.676305429,-0.192178709,-0.028311398,-0.340323126,-0.310823266,-1.482343051,-0.663446029,-0.771077081,-0.902659022,-0.274774548,0.031381229,-0.190765133,-0.182640708,-0.022762708,-0.720716087,-0.418746299,-0.665525191,-0.097410888,-1.272175051
0.413793103,0.661460605,0.442547019,1.264258421,0.212899687,0.382923277,1.44267748,1.039019688,0.777961166,1.227338767,0.745885215,1.102124135,1.482281925,0.847835835,1.232198498,1.089857799,0.943280725,1.287627981,0.637764473,0.174805172,0.573307185,1.20249954,0.225933521,0.867364464,1.251906832,0.732213923,0.799092132,0.714462606,0.414643794,0.953022126,0.944616439,0.181056177,0.621200704,0.123023044,0.15073979,0.106893145,1.052901312,0.18052386,0.498927779,0.395501924,1.09715404,0.751352881,0.027097491,0.088152712,0.345905884,0.447506803,-0.048243076,-0.194803507,0.413940102,1.319507152,0.286249932,0.465400575,0.762919339,0.941108617,0.348248844,1.248825765,1.15786358,0.927823261,1.093506547,1.100298469,1.394998387,1.350863037,1.175973297,1.874827154,1.553161903,1.43175496,1.179828939,0.812215772,1.126635577,0.281454243,0.887430522,1.335464137,-0.10103669,1.142810637,0.776843265,1.788523563,0.825427305,0.848277922,1.541295309,0.153585964,0.449011189,0.456274234,-0.700767902,-0.065711167,0.092519283,0.788094074,-0.330030183,-0.128045739,-0.194873071,0.663558014,0.024770471,0.032822379,1.023501758,0.258356498,-0.222047398,-0.620389613,-0.200750522,-0.7302918,-0.287349921,0.713711605,-0.42717112
0.269230769,0.495895131,0.29426005,0.601760503,-0.151576093,-0.110160406,0.545018697,0.196880098,0.2944342,0.336717281,-0.043120724,-0.395804623,0.216421393,-0.40527106,-0.074869704,-0.135088331,0.2940551,-0.346165989,0.422275091,0.13639035,-0.273870564,-0.078527504,-0.282107987,-0.165712193,0.031392055,-0.056205157,0.175821421,-0.161657922,-0.240965162,-0.323585685,-0.323799469,0.027451379,0.05698341,-0.028154088,-0.080924839,-0.223014983,0.81221586,0.177844171,-0.353825337,-0.342643964,0.167525537,-0.358810058,-0.263025673,-0.141574185,-0.506608935,-0.338938707,-0.16958945,-0.310140389,-0.343924913,0.269819125,-0.370486142,0.288426792,0.507628503,0.339894414,-0.202222966,0.180501693,0.364532185,0.310106152,0.336033868,0.138152455,-0.454553864,-0.028918187,-0.532302247,0.205939819,-0.432051817,-0.557305851,-0.272818994,0.019603802,-0.657267772,0.246535491,0.714049074,-0.215642552,-0.01209632,-0.24488641,-0.024989965,-0.202864365,0.144414064,-0.093655911,0.251492111,0.038080635,-0.029049886,0.364128844,0.333634857,-0.029760524,0.197889335,0.019089288,0.001771786,-0.121405631,-0.127055377,0.515781093,0.107004141,0.004861979,-0.064129422,-0.267661434,-0.204356616,-0.231802001,-0.374731696,-0.444914141,-0.150368282,-0.021003634,-0.469010707
0.607142857,0.05110123,0.536186344,0.244404754,0.183683302,0.115407667,0.214485362,0.216023352,0.192384723,0.145544756,0.218843884,0.386809815,0.387575106,0.381770388,0.427945909,0.341136673,0.210064553,0.544135818,0.07089686,0.514490634,0.439861178,0.172166142,0.210313747,0.419956747,0.28367498,0.159103503,0.509262164,0.130523976,0.284565047,-0.060346226,0.285035612,0.125477522,0.222397785,0.0698052,0.458842633,0.471042333,1.1381011,0.601126441,0.375502903,0.689036354,0.450855706,0.73985141,0.232398838,0.143167493,0.33583134,0.496995457,0.407300875,0.670282307,0.793171909,0.592329442,0.592360857,0.327594729,0.347382824,0.348345045,0.214872817,0.03058145,0.109701881,0.443203974,0.126933675,0.428036275,0.421515487,0.408906507,0.430501098,0.468298219,0.494615391,0.438751447,0.239244233,0.734158415,0.457243178,0.376200286,0.250111925,0.384422352,0.583040787,0.404676025,0.514965013,0.731209522,0.362857498,0.354740828,0.374052365,0.154185129,0.104522056,0.585237987,0.955657573,0.523090572,0.538077776,0.249272216,0.655609249,0.763767882,0.487264838,0.732384096,0.494577171,0.468769386,0.503576303,0.504719523,0.373313267,0.296418443,0.498222771,0.391943778,0.641244089,0.702768324,1.007632541
0.933333333,-0.267466576,-0.119428496,-0.54349961,0.023602618,-0.218445849,-0.569475053,-0.020576522,-0.226775031,-0.210993271,-0.031586524,-0.310996982,-0.416128599,-0.048388093,-0.519965451,-0.115928171,-0.06024933,0.331482807,-0.258137332,-0.075484402,0.138376176,-0.117902468,0.14586047,-0.065256895,0.317036681,-0.159641859,0.003734628,0.072243308,-0.05582666,0.040852379,-0.440589807,-0.292468496,-0.194812148,-0.020257347,-0.139602882,-0.047634462,-0.270877869,-0.017045591,-0.259836524,-0.376012358,0.017004681,-0.035060838,-0.437051834,-0.001682796,-0.170983304,-0.239034128,-0.229219285,-0.199985421,-0.098702204,-0.234032277,0.013311701,-0.294928922,-0.171820401,-0.063295451,-0.031661909,-0.403220532,-0.593274274,-0.035509402,-0.209677372,-0.746248688,-0.641473127,-0.500580848,-0.146617054,-0.876343184,-0.342749721,-0.245763919,-0.10948585,0.017682737,-0.041135164,0.119082232,-0.238760862,-0.221319468,-0.34634385,-0.094622336,-0.19070054,-0.087515359,-0.224369681,-0.094571539,-0.442757346,-0.04108807,-0.261629086,0.084291247,0.182691715,-0.032458962,-0.154274785,0.028147356,-0.066129644,-0.128257882,-0.05264093,0.026322336,0.255917218,-0.164327221,-0.64004182,-0.29892426,-0.336441616,-0.362036284,-0.231191696,-0.180588179,0.063667486,-0.132984574,0.118843921